protocol,cell_a,cell_b,worse_at_soh90,efc_last_a,efc_last_b,n_estimators,n_agreeing_with_soh90,worse_cell_depends_on_estimator,worse_cell_depends_among_lifetimes,worse_cell_depends_among_rates,worse_cell_depends_among_window_matched,ratio_min,ratio_max,oriented_ratio_min,oriented_ratio_max
CC_(100%_storage)_Co10,cell_007,cell_008,cell_008,551.7276961542216,551.8544821134905,12,6,True,True,True,True,1.0002311495006226,1.020900771618209,0.9795271272201317,1.0130082850852655
CC_(100%_storage)_Co2,cell_023,cell_024,cell_024,742.1248153652712,741.1409361382396,12,6,True,True,True,True,1.0008709360201502,1.030960716172441,0.9805552912226084,1.030960716172441
CC_(100%_storage)_Co5,cell_015,cell_016,cell_015,544.4681810373296,545.6995718488699,12,12,False,False,False,False,1.0024337340902543,1.0363314819359628,1.0024337340902543,1.0363314819359628
CC_(5%_storage)_Co10,cell_003,cell_004,cell_004,891.3407034087489,890.8504191962298,12,9,True,True,True,True,1.0027938331085902,1.0708508876563894,0.9870117938797741,1.0708508876563894
CC_(5%_storage)_Co2,cell_019,cell_020,cell_020,1304.0239078344334,1303.1521266588886,12,10,True,True,True,True,1.0012663112980886,1.0133526290222703,0.9977873930814942,1.0133526290222703
CC_(5%_storage)_Co5,cell_011,cell_012,cell_011,1121.916812365759,1123.6523241858308,12,11,True,False,True,True,1.0005674720481263,1.015558180949795,0.9958077628590313,1.015558180949795
CC_(50%_storage)_Co10,cell_005,cell_006,cell_006,890.7306693918802,889.9441488980498,12,12,False,False,False,False,1.0017593689664168,1.0184928726416924,1.0017593689664168,1.0184928726416924
CC_(50%_storage)_Co2,cell_021,cell_022,cell_021,1302.3020201834233,1289.7432684195858,12,11,True,False,True,True,1.0067250276232522,1.0967036524662308,0.9803997530861046,1.0967036524662308
CC_(50%_storage)_Co5,cell_013,cell_014,cell_014,1120.2953976844212,1121.3188137445682,12,12,False,False,False,False,1.0026382602070067,1.0264890882315114,1.0026382602070067,1.0264890882315114
CC_(no_storage)_Co10,cell_055,cell_056,cell_056,1206.5788666188676,1206.6349927840827,12,12,False,False,False,False,1.0001064207676,1.0529130221339122,1.0001064207676,1.0529130221339122
CC_(no_storage)_Co5,cell_009,cell_010,cell_009,1358.5285986417307,1360.2158050201401,12,10,True,False,True,False,1.0002215653262647,1.0231730674195316,0.9973009569889015,1.0231730674195316
Drive_City1_Co10,cell_091,cell_092,cell_091,1205.7637644716685,1177.856540594761,12,12,False,False,False,False,1.0024119323818452,1.2344107195998038,1.0024119323818452,1.2344107195998038
Drive_City1_Co16,cell_089,cell_090,cell_090,931.9493868758669,931.2825745944294,11,2,True,True,True,True,1.0018426401645613,1.1829813770205801,0.8453218448109205,1.0398614258534187
Drive_City2_Co10,cell_095,cell_096,cell_095,1236.968303929362,1247.2671029870014,12,9,True,True,True,True,1.0006482865553834,1.14442073099145,0.9739869871074733,1.14442073099145
Drive_City2_Co16,cell_093,cell_094,cell_093,881.1023294079092,880.1653064053289,11,10,True,False,True,True,1.0262405281345357,1.1566110958631253,0.9715178320862667,1.1566110958631253
Periodic_A_Co10,cell_025,cell_026,cell_025,1235.5541784642578,1284.3648725306798,12,11,True,False,True,True,1.0017535157014241,1.0413131389991623,0.9731466519973441,1.0413131389991623
Periodic_A_Co2,cell_041,cell_042,cell_041,1814.2572864625254,1678.2171354961222,12,9,True,True,True,True,1.003834765205445,1.0572493424055234,0.9606835095460553,1.0572493424055234
Periodic_A_Co5,cell_033,cell_034,cell_034,1497.1433706577004,1462.794279872012,12,12,False,False,False,False,1.019890919907926,1.1157555892889999,1.019890919907926,1.1157555892889999
Periodic_B_Co10,cell_027,cell_028,cell_027,1298.8508802603806,1201.2643345869787,12,6,True,True,True,True,1.0011575699938065,1.055128140040937,0.9505213666899237,1.055128140040937
Periodic_B_Co2,cell_043,cell_044,cell_043,1700.6935462268357,1764.8660279255328,12,9,True,False,True,True,1.003934827492367,1.083092354915654,0.9232822994839395,1.067280612890343
Periodic_B_Co5,cell_035,cell_036,cell_035,1445.5201489384567,1479.8251515718848,12,9,True,True,True,True,1.002155637731931,1.08139425736636,0.975879669914299,1.08139425736636
Periodic_C_Co10,cell_029,cell_030,cell_029,1314.6294181498301,1327.8353144312794,12,9,True,True,True,True,1.0010043036908252,1.2319318343140078,0.9382608973208468,1.2319318343140078
Periodic_C_Co2,cell_045,cell_046,cell_045,1317.2731719291119,1426.858120239838,12,12,False,False,False,False,1.0012826343236678,1.0567008326395806,1.0012826343236678,1.0567008326395806
Periodic_C_Co5,cell_037,cell_038,cell_037,1701.8542530808759,1687.008808276935,12,5,True,True,True,True,1.0065061353389193,1.0841635503575477,0.9223700609287304,1.0099416289552046
Periodic_D_Co10,cell_031,cell_032,cell_032,1301.6061776419576,1246.7713762977273,12,3,True,True,True,True,1.0000421345239598,1.0681090947740783,0.9362339529666823,1.0220263598297046
Periodic_D_Co2,cell_047,cell_048,cell_048,1927.2498947739732,1950.3125131418976,12,5,True,True,True,True,1.0007127382398397,1.0219454307742832,0.9785258291554215,1.0146357685747824
Periodic_D_Co5,cell_039,cell_040,cell_039,1652.82204816112,1648.8060158539324,12,9,True,True,True,True,1.005234819204887,1.173966447454131,0.9885523415243207,1.173966447454131
Periodic_E_Co10,cell_049,cell_050,cell_049,1235.804837892741,1235.0184043140084,12,12,False,False,False,False,1.0005208010676288,1.205732005052172,1.0005208010676288,1.205732005052172
Periodic_E_Co2,cell_053,cell_054,cell_053,1838.919002401254,1801.6097668232298,12,9,True,False,True,True,1.0026599090610018,1.0582463388663608,0.9769187890244128,1.0582463388663608
Periodic_E_Co5,cell_051,cell_052,cell_051,1675.3211567016108,1750.3383495162093,12,8,True,True,True,True,1.0025157343327464,1.1589395005631908,0.9658148145410703,1.1589395005631908
Synthetic_1a_Co10,cell_059,cell_060,cell_060,1518.4384132593489,1518.4653111510795,12,6,True,True,True,True,1.0017056376700935,1.1937659158180873,0.8376851665384503,1.0157960345492427
Synthetic_1a_Co16,cell_057,cell_058,cell_058,1054.0518438557501,1053.5198695233996,12,12,False,False,False,False,1.0024425071747558,1.1435739832593295,1.0024425071747558,1.1435739832593295
Synthetic_1a_Co5,cell_061,cell_062,cell_062,1997.5407960300515,2006.906851297048,12,4,True,True,True,True,1.003871463240159,1.088627417222431,0.9185879247386965,1.059890298963206
Synthetic_1b_Co10,cell_071,cell_072,cell_072,1651.20146409689,1652.420735653547,12,9,True,True,True,True,1.0150514768478718,1.126532255784796,0.9660877953856377,1.126532255784796
Synthetic_1b_Co16,cell_063,cell_064,cell_064,1291.1608809044415,1208.3510480605287,12,4,True,True,True,True,1.005265824095506,1.0789522460663863,0.936665300668089,1.0789522460663863
Synthetic_2a_Co10,cell_065,cell_066,cell_065,1162.2297801871068,1346.782560752611,12,5,True,True,True,True,1.0043386809461718,1.2191805724387543,0.9072826728410897,1.2191805724387543
Synthetic_2a_Co2,cell_069,cell_070,cell_070,2213.7368209520473,2207.501110125527,12,11,True,True,False,True,1.0004068240288677,1.101384005196999,0.9310892400724005,1.101384005196999
Synthetic_2a_Co5,cell_067,cell_068,cell_068,1753.5742686580204,1766.772128607899,12,6,True,True,True,True,1.0034719281483413,1.199770134037941,0.8846797068824008,1.199770134037941
Synthetic_2b_Co10,cell_073,cell_074,cell_073,967.1664806312599,1177.313249485831,12,7,True,True,True,True,1.0202779884414181,1.1887932615333867,0.8411891557242945,1.1706658535641756
Synthetic_2b_Co2,cell_077,cell_078,cell_078,2089.5697294498977,2045.4837042704555,12,9,True,True,True,True,1.0303724045498186,1.1524090993982286,0.9002029003962295,1.1524090993982286
Synthetic_2b_Co5,cell_075,cell_076,cell_076,1470.8487059911022,1504.6558124863031,12,10,True,False,True,False,1.0037841878013571,1.371019492866339,0.9761750588883915,1.371019492866339
Synthetic_2c_Co10,cell_081,cell_082,cell_081,1198.181055181753,1303.9961969121193,12,9,True,False,True,True,1.0000630490294256,1.1776403821957389,0.8491556634084473,1.1166172494671636
Synthetic_2c_Co2,cell_085,cell_086,cell_085,2221.3067093870877,2117.652019955879,12,8,True,True,True,True,1.0013866112584082,1.049483372820812,0.9590381419709274,1.049483372820812
Synthetic_3_Co10,cell_079,cell_080,cell_079,1483.554236524693,1452.1742864564965,12,9,True,True,True,True,1.0035759124669574,1.0711241008635848,0.9445004434493521,1.0711241008635848
Synthetic_3_Co5,cell_087,cell_088,cell_087,1976.4099586818506,1895.922702407975,12,7,True,True,True,True,1.0033756449521536,1.088705927086077,0.9390445103049839,1.088705927086077
