threshold,protocol,cell_a,cell_b,life_a,life_b,delta_rel,protocol_type,nominal_Crate
0.95,CC_(100%_storage)_Co10,cell_007,cell_008,153.5095588768264,152.06873648946453,0.009430135642551286,CC,C/10
0.95,CC_(100%_storage)_Co2,cell_023,cell_024,164.99137436260114,166.41246640402508,0.00857619536416101,CC,C/2
0.95,CC_(100%_storage)_Co5,cell_015,cell_016,161.72427657241929,163.79206299860792,0.012704655188207195,CC,C/5
0.95,CC_(5%_storage)_Co10,cell_003,cell_004,200.61966686536178,192.10298640498834,0.043372493995198984,CC,C/10
0.95,CC_(5%_storage)_Co2,cell_019,cell_020,234.87690007781742,231.78200100436663,0.013264073893259962,CC,C/2
0.95,CC_(5%_storage)_Co5,cell_011,cell_012,214.28297369242162,215.85155569656902,0.007293448430543739,CC,C/5
0.95,CC_(50%_storage)_Co10,cell_005,cell_006,180.81835457342856,179.6915989348987,0.006250898914522376,CC,C/10
0.95,CC_(50%_storage)_Co2,cell_021,cell_022,199.63598421877649,201.3869549478623,0.008732521549637504,CC,C/2
0.95,CC_(50%_storage)_Co5,cell_013,cell_014,198.57458860509306,195.8886071736622,0.013618413378861141,CC,C/5
0.95,CC_(no_storage)_Co10,cell_055,cell_056,189.91038910792147,189.12515086088194,0.004143348917118215,CC,C/10
0.95,CC_(no_storage)_Co5,cell_009,cell_010,227.6405835832732,231.2262316516921,0.015628273605197796,CC,C/5
0.95,Drive_City1_Co10,cell_091,cell_092,168.81286570480188,208.3844110323695,0.2098188283323203,Drive,C/10
0.95,Drive_City1_Co16,cell_089,cell_090,157.71897586992642,161.38039875416987,0.022948480476068994,Drive,C/16
0.95,Drive_City2_Co10,cell_095,cell_096,192.50468915979528,194.91780279346872,0.012457271757802584,Drive,C/10
0.95,Drive_City2_Co16,cell_093,cell_094,155.16108991618097,173.5198543847962,0.1117117666049047,Drive,C/16
0.95,Periodic_A_Co10,cell_025,cell_026,199.98670304147308,202.27624434476868,0.011383306954678343,Periodic,C/10
0.95,Periodic_A_Co2,cell_041,cell_042,221.84859656451033,227.8981039174096,0.026901842065398158,Periodic,C/2
0.95,Periodic_A_Co5,cell_033,cell_034,219.9285839868382,213.72720226070777,0.028600479563717637,Periodic,C/5
0.95,Periodic_B_Co10,cell_027,cell_028,203.32639091691786,203.0202714722834,0.001506691074239681,Periodic,C/10
0.95,Periodic_B_Co2,cell_043,cell_044,225.41546240778814,229.1158247189785,0.016282101655010373,Periodic,C/2
0.95,Periodic_B_Co5,cell_035,cell_036,219.10280720329322,221.54097086564616,0.011066370541020009,Periodic,C/5
0.95,Periodic_C_Co10,cell_029,cell_030,165.30900480131768,203.6494255135104,0.20783057147916242,Periodic,C/10
0.95,Periodic_C_Co2,cell_045,cell_046,194.06127318553638,196.91569145219512,0.014601465174827195,Periodic,C/2
0.95,Periodic_C_Co5,cell_037,cell_038,222.50556422492684,223.9532155394368,0.006485039067991943,Periodic,C/5
0.95,Periodic_D_Co10,cell_031,cell_032,188.3847253280509,201.21543843940782,0.06586605604722078,Periodic,C/10
0.95,Periodic_D_Co2,cell_047,cell_048,244.69141894892962,243.5254316868233,0.004776513799505165,Periodic,C/2
0.95,Periodic_D_Co5,cell_039,cell_040,223.62313611237352,235.9394443996621,0.05360013547476386,Periodic,C/5
0.95,Periodic_E_Co10,cell_049,cell_050,178.2909141112849,186.47408833229568,0.0448681982437528,Periodic,C/10
0.95,Periodic_E_Co2,cell_053,cell_054,217.0936052644378,224.11280197739688,0.03181819936314621,Periodic,C/2
0.95,Periodic_E_Co5,cell_051,cell_052,213.90174126371656,206.58947056862843,0.034779660022971524,Periodic,C/5
0.95,Synthetic_1a_Co10,cell_059,cell_060,206.84102675469273,205.868687054556,0.00471197874730003,Synthetic,C/10
0.95,Synthetic_1a_Co16,cell_057,cell_058,179.895703748529,157.310070342632,0.13395757214875653,Synthetic,C/16
0.95,Synthetic_1a_Co5,cell_061,cell_062,236.79153377218466,235.58999841125237,0.005087139437388981,Synthetic,C/5
0.95,Synthetic_1b_Co10,cell_071,cell_072,232.32932271704885,239.66551744407974,0.031085910704135966,Synthetic,C/10
0.95,Synthetic_1b_Co16,cell_063,cell_064,186.4570395239009,199.06474531607816,0.06540593184590289,Synthetic,C/16
0.95,Synthetic_2a_Co10,cell_065,cell_066,235.22351129742756,213.41421604499632,0.09722452626363828,Synthetic,C/10
0.95,Synthetic_2a_Co2,cell_069,cell_070,300.171188918835,279.2645536725705,0.07216204907472201,Synthetic,C/2
0.95,Synthetic_2a_Co5,cell_067,cell_068,253.11529312008503,241.9007693654043,0.045309736812871454,Synthetic,C/5
0.95,Synthetic_2b_Co10,cell_073,cell_074,202.8304806334588,189.08995860394387,0.07011893565056815,Synthetic,C/10
0.95,Synthetic_2b_Co2,cell_077,cell_078,269.84853493808663,234.16036464741356,0.14161722271183397,Synthetic,C/2
0.95,Synthetic_2b_Co5,cell_075,cell_076,218.61135046971424,159.45167199094425,0.31296199291707344,Synthetic,C/5
0.95,Synthetic_2c_Co10,cell_081,cell_082,175.64550022869616,196.12879534665075,0.11019209967840966,Synthetic,C/10
0.95,Synthetic_2c_Co2,cell_085,cell_086,260.91384562204274,263.75757146460415,0.010840025775948777,Synthetic,C/2
0.95,Synthetic_3_Co10,cell_079,cell_080,195.85920979621872,205.08011573484416,0.04599651543989562,Synthetic,C/10
0.95,Synthetic_3_Co5,cell_087,cell_088,239.66437485417646,251.61968204172052,0.0486696322412001,Synthetic,C/5
0.925,CC_(100%_storage)_Co10,cell_007,cell_008,246.96858050023133,245.5530772228741,0.005747983891311534,CC,C/10
0.925,CC_(100%_storage)_Co2,cell_023,cell_024,276.45788375597465,276.1759933071671,0.0010201707152141264,CC,C/2
0.925,CC_(100%_storage)_Co5,cell_015,cell_016,262.22883444028145,264.5149411177143,0.008680146908280346,CC,C/5
0.925,CC_(5%_storage)_Co10,cell_003,cell_004,323.2163315314661,315.8555529220074,0.023035839280438817,CC,C/10
0.925,CC_(5%_storage)_Co2,cell_019,cell_020,403.40396553959766,404.29851924041066,0.0022150574442188053,CC,C/2
0.925,CC_(5%_storage)_Co5,cell_011,cell_012,357.3016080636891,357.7033272525923,0.001123682282627883,CC,C/5
0.925,CC_(50%_storage)_Co10,cell_005,cell_006,306.85854331703104,306.3196140941889,0.0017578226371187853,CC,C/10
0.925,CC_(50%_storage)_Co2,cell_021,cell_022,345.92516635334056,358.83685099927044,0.03664126138474862,CC,C/2
0.925,CC_(50%_storage)_Co5,cell_013,cell_014,333.40142965808167,329.2157825742502,0.012633680521911456,CC,C/5
0.925,CC_(no_storage)_Co10,cell_055,cell_056,324.5032468653278,318.99034754199226,0.01713427879080325,CC,C/10
0.925,CC_(no_storage)_Co5,cell_009,cell_010,378.503799254645,386.3570572919763,0.020535128631864,CC,C/5
0.925,Drive_City1_Co10,cell_091,cell_092,320.4828825070331,384.8058961593044,0.18240191988848198,Drive,C/10
0.925,Drive_City1_Co16,cell_089,cell_090,330.84861985744953,331.45825481278854,0.0018409440658230846,Drive,C/16
0.925,Drive_City2_Co10,cell_095,cell_096,301.2284330066383,298.9779391924951,0.0074990667156613,Drive,C/10
0.925,Drive_City2_Co16,cell_093,cell_094,297.06457937805874,343.5881886965749,0.14523814345900501,Drive,C/16
0.925,Periodic_A_Co10,cell_025,cell_026,347.68361878092463,348.71862428799864,0.0029724358799101945,Periodic,C/10
0.925,Periodic_A_Co2,cell_041,cell_042,408.54972201257874,425.6202912499588,0.040928273531711044,Periodic,C/2
0.925,Periodic_A_Co5,cell_033,cell_034,372.3361808926566,363.01908138721467,0.025340403430460307,Periodic,C/5
0.925,Periodic_B_Co10,cell_027,cell_028,335.05735133188875,353.5284399178585,0.05364934571898647,Periodic,C/10
0.925,Periodic_B_Co2,cell_043,cell_044,401.5984352606835,428.618224120825,0.06509093392626109,Periodic,C/2
0.925,Periodic_B_Co5,cell_035,cell_036,368.6090059613219,385.58571663742606,0.045019436406574395,Periodic,C/5
0.925,Periodic_C_Co10,cell_029,cell_030,343.4941666201823,322.2871449975287,0.06370566807027046,Periodic,C/10
0.925,Periodic_C_Co2,cell_045,cell_046,344.0995809049005,357.6795158719515,0.03870145186546943,Periodic,C/2
0.925,Periodic_C_Co5,cell_037,cell_038,406.32241905958074,401.6761292551213,0.011500738000459388,Periodic,C/5
0.925,Periodic_D_Co10,cell_031,cell_032,349.0698679481526,350.5575746372193,0.00425285401490005,Periodic,C/10
0.925,Periodic_D_Co2,cell_047,cell_048,446.195185592537,443.53175864614,0.005987065950162943,Periodic,C/2
0.925,Periodic_D_Co5,cell_039,cell_040,395.1885106861658,413.3941080602303,0.04503088973713026,Periodic,C/5
0.925,Periodic_E_Co10,cell_049,cell_050,307.5462310900987,341.20110691277495,0.1037534147771014,Periodic,C/10
0.925,Periodic_E_Co2,cell_053,cell_054,401.9874059385751,414.9809797151313,0.03180924502031805,Periodic,C/2
0.925,Periodic_E_Co5,cell_051,cell_052,386.13432407104835,390.86567943238714,0.012178520823694864,Periodic,C/5
0.925,Synthetic_1a_Co10,cell_059,cell_060,383.5655948571256,384.95063597715443,0.0036044550901034233,Synthetic,C/10
0.925,Synthetic_1a_Co16,cell_057,cell_058,321.96398246769627,303.44999049378225,0.059205559115496,Synthetic,C/16
0.925,Synthetic_1a_Co5,cell_061,cell_062,453.39145189656784,462.24374357200423,0.01933584842357719,Synthetic,C/5
0.925,Synthetic_1b_Co10,cell_071,cell_072,443.25374711573346,393.4674261119508,0.1190033731588984,Synthetic,C/10
0.925,Synthetic_1b_Co16,cell_063,cell_064,346.42264345731706,355.3281605195262,0.025380853179622426,Synthetic,C/16
0.925,Synthetic_2a_Co10,cell_065,cell_066,387.95152455821267,379.2216943748372,0.022758433083773434,Synthetic,C/10
0.925,Synthetic_2a_Co2,cell_069,cell_070,501.77778728523265,538.9148168506543,0.07136983470014664,Synthetic,C/2
0.925,Synthetic_2a_Co5,cell_067,cell_068,404.19770465571537,456.8859232457163,0.12237654249311114,Synthetic,C/5
0.925,Synthetic_2b_Co10,cell_073,cell_074,331.522486679997,324.93348914292704,0.020074453671657274,Synthetic,C/10
0.925,Synthetic_2b_Co2,cell_077,cell_078,476.8019298045558,462.74718509457364,0.02991806279651724,Synthetic,C/2
0.925,Synthetic_2b_Co5,cell_075,cell_076,393.2395199592058,388.95215702857917,0.010962435568573731,Synthetic,C/5
0.925,Synthetic_2c_Co10,cell_081,cell_082,343.44542440002414,343.4670783006932,6.30470418980604e-05,Synthetic,C/10
0.925,Synthetic_2c_Co2,cell_085,cell_086,435.45328833167315,438.18211996355154,0.006247071961525277,Synthetic,C/2
0.925,Synthetic_3_Co10,cell_079,cell_080,362.0544855246116,360.76442352489426,0.0035695303030015106,Synthetic,C/10
0.925,Synthetic_3_Co5,cell_087,cell_088,426.08451911149734,407.81777776319814,0.043810267501982955,Synthetic,C/5
0.9,CC_(100%_storage)_Co10,cell_007,cell_008,347.6792140550807,347.5988667506143,0.00023112278866400853,CC,C/10
0.9,CC_(100%_storage)_Co2,cell_023,cell_024,413.02996021391226,400.62628355746955,0.030488739566356362,CC,C/2
0.9,CC_(100%_storage)_Co5,cell_015,cell_016,371.57836081897375,374.8113888932024,0.008663109522807227,CC,C/5
0.9,CC_(5%_storage)_Co10,cell_003,cell_004,461.3721665680313,453.3876628456234,0.017457049305555493,CC,C/10
0.9,CC_(5%_storage)_Co2,cell_019,cell_020,598.6208042347088,596.6416786178548,0.0033116167289558626,CC,C/2
0.9,CC_(5%_storage)_Co5,cell_011,cell_012,512.2659790545488,514.0693720200888,0.003514237259102113,CC,C/5
0.9,CC_(50%_storage)_Co10,cell_005,cell_006,434.2569132827735,430.4284462291475,0.008855167978759406,CC,C/10
0.9,CC_(50%_storage)_Co2,cell_021,cell_022,512.3976533160046,537.9015306137252,0.04856497593818356,CC,C/2
0.9,CC_(50%_storage)_Co5,cell_013,cell_014,481.15909153666456,479.89300890764275,0.0026347845833466937,CC,C/5
0.9,CC_(no_storage)_Co10,cell_055,cell_056,471.79871631750467,470.7657586925304,0.002191802581915146,CC,C/10
0.9,CC_(no_storage)_Co5,cell_009,cell_010,552.9456103251181,560.188437813607,0.013013396725398366,CC,C/5
0.9,Drive_City1_Co10,cell_091,cell_092,532.7353795398292,553.0835712589285,0.03747989792244946,Drive,C/10
0.9,Drive_City1_Co16,cell_089,cell_090,559.8798877881419,538.4177870898963,0.0390824840827036,Drive,C/16
0.9,Drive_City2_Co10,cell_095,cell_096,476.35990001851684,489.7230284633891,0.027664557670780802,Drive,C/10
0.9,Drive_City2_Co16,cell_093,cell_094,511.365682843153,556.1082600887181,0.08382888883016168,Drive,C/16
0.9,Periodic_A_Co10,cell_025,cell_026,498.98504125528973,509.27091291003245,0.02040329464408233,Periodic,C/10
0.9,Periodic_A_Co2,cell_041,cell_042,621.801284331118,652.2767814211539,0.04783929322579119,Periodic,C/2
0.9,Periodic_A_Co5,cell_033,cell_034,586.8483111167,554.5819452259354,0.056536727866584216,Periodic,C/5
0.9,Periodic_B_Co10,cell_027,cell_028,504.30962516689107,509.65273696767326,0.010539073244363888,Periodic,C/10
0.9,Periodic_B_Co2,cell_043,cell_044,665.4763806613907,668.0949154195381,0.003927101259366699,Periodic,C/2
0.9,Periodic_B_Co5,cell_035,cell_036,573.423473352132,575.3911038178132,0.0034254970380484797,Periodic,C/5
0.9,Periodic_C_Co10,cell_029,cell_030,509.3703632904362,518.6219181885169,0.017999269186672637,Periodic,C/10
0.9,Periodic_C_Co2,cell_045,cell_046,522.9613104693473,550.3599042903847,0.05105385684036961,Periodic,C/2
0.9,Periodic_C_Co5,cell_037,cell_038,623.5995326492352,628.1918022048513,0.007337116702683345,Periodic,C/5
0.9,Periodic_D_Co10,cell_031,cell_032,512.2221543600666,504.8074831963918,0.014581032626521101,Periodic,C/10
0.9,Periodic_D_Co2,cell_047,cell_048,684.3981905350028,683.9107411971145,0.000712484332425172,Periodic,C/2
0.9,Periodic_D_Co5,cell_039,cell_040,577.5150780057395,624.0586834184949,0.07747107486366361,Periodic,C/5
0.9,Periodic_E_Co10,cell_049,cell_050,489.6139881543863,503.7416942892301,0.028444405935425316,Periodic,C/10
0.9,Periodic_E_Co2,cell_053,cell_054,636.4068609297191,647.4422093079538,0.01719103691244925,Periodic,C/2
0.9,Periodic_E_Co5,cell_051,cell_052,514.2767237483447,596.0156093721806,0.14723849419747898,Periodic,C/5
0.9,Synthetic_1a_Co10,cell_059,cell_060,570.9371875936481,562.0588860115015,0.015672254810020998,Synthetic,C/10
0.9,Synthetic_1a_Co16,cell_057,cell_058,476.88021403996464,441.91963022959476,0.07610054361331188,Synthetic,C/16
0.9,Synthetic_1a_Co5,cell_061,cell_062,711.5910799704434,707.9977782732541,0.00506245407087078,Synthetic,C/5
0.9,Synthetic_1b_Co10,cell_071,cell_072,711.4371750145106,681.7550218281622,0.042610277682599264,Synthetic,C/10
0.9,Synthetic_1b_Co16,cell_063,cell_064,534.7359572346132,502.95323016957786,0.0612567374717294,Synthetic,C/16
0.9,Synthetic_2a_Co10,cell_065,cell_066,534.0995580014562,543.1515971739304,0.016805810100988874,Synthetic,C/10
0.9,Synthetic_2a_Co2,cell_069,cell_070,850.8015053839314,846.7042958636491,0.004827329034482264,Synthetic,C/2
0.9,Synthetic_2a_Co5,cell_067,cell_068,688.7372867752069,680.0357407988928,0.012714373823885254,Synthetic,C/5
0.9,Synthetic_2b_Co10,cell_073,cell_074,426.92472168438667,466.22938658885516,0.08801317609221376,Synthetic,C/10
0.9,Synthetic_2b_Co2,cell_077,cell_078,746.6652972690355,670.0802740957764,0.1081140110421964,Synthetic,C/2
0.9,Synthetic_2b_Co5,cell_075,cell_076,588.1743288985983,580.9235390900838,0.012404076693748238,Synthetic,C/5
0.9,Synthetic_2c_Co10,cell_081,cell_082,502.984012610406,513.720122934592,0.02111943868199376,Synthetic,C/10
0.9,Synthetic_2c_Co2,cell_085,cell_086,737.4160409242178,756.4218859494558,0.025445658706783225,Synthetic,C/2
0.9,Synthetic_3_Co10,cell_079,cell_080,586.871049683049,589.7041303728693,0.004815809032595078,Synthetic,C/10
0.9,Synthetic_3_Co5,cell_087,cell_088,641.4526138596561,653.9567928108794,0.019305370004007495,Synthetic,C/5
0.875,CC_(100%_storage)_Co10,cell_007,cell_008,452.4974944769911,453.8665281139443,0.0030209355244257517,CC,C/10
0.875,CC_(100%_storage)_Co2,cell_023,cell_024,536.2552539507927,537.4384208299659,0.0022039188773553967,CC,C/2
0.875,CC_(100%_storage)_Co5,cell_015,cell_016,472.3262368332687,477.3507561818072,0.010581533269720323,CC,C/5
0.875,CC_(5%_storage)_Co10,cell_003,cell_004,606.0987123736068,602.9467428544981,0.005213980178295272,CC,C/10
0.875,CC_(5%_storage)_Co2,cell_019,cell_020,816.1720695658456,811.5922884541534,0.005627081203894943,CC,C/2
0.875,CC_(5%_storage)_Co5,cell_011,cell_012,678.0710841376228,682.3539688047481,0.006296391937008341,CC,C/5
0.875,CC_(50%_storage)_Co10,cell_005,cell_006,578.2942135120545,572.3251471552037,0.010375397044230654,CC,C/10
0.875,CC_(50%_storage)_Co2,cell_021,cell_022,674.5230014174095,739.7518393269577,0.09224351028576115,CC,C/2
0.875,CC_(50%_storage)_Co5,cell_013,cell_014,642.3240677026109,637.5459909077161,0.0074665029668445956,CC,C/5
0.875,CC_(no_storage)_Co10,cell_055,cell_056,629.8919879088633,624.0084296695612,0.009384410686559246,CC,C/10
0.875,CC_(no_storage)_Co5,cell_009,cell_010,741.3533036536141,746.5945732742189,0.007044964009661923,CC,C/5
0.875,Drive_City1_Co10,cell_091,cell_092,696.3729385755179,775.0655651093556,0.10696012961026972,Drive,C/10
0.875,Drive_City1_Co16,cell_089,cell_090,742.3229677968633,784.1592272139267,0.054813950079211596,Drive,C/16
0.875,Drive_City2_Co10,cell_095,cell_096,664.5321939015118,664.9630011884376,0.0006480764857470714,Drive,C/10
0.875,Drive_City2_Co16,cell_093,cell_094,727.4625168034796,771.4027702973436,0.058631357830503036,Drive,C/16
0.875,Periodic_A_Co10,cell_025,cell_026,654.3950607392019,678.0587130465251,0.035518909207770524,Periodic,C/10
0.875,Periodic_A_Co2,cell_041,cell_042,889.0661280556894,877.4895829399685,0.013106345917838293,Periodic,C/2
0.875,Periodic_A_Co5,cell_033,cell_034,791.5731131555516,753.8726288547405,0.048789139956179776,Periodic,C/5
0.875,Periodic_B_Co10,cell_027,cell_028,673.3393248017662,682.8320791348028,0.01399934301148352,Periodic,C/10
0.875,Periodic_B_Co2,cell_043,cell_044,915.3334438392593,925.0076055770002,0.010513444495311804,Periodic,C/2
0.875,Periodic_B_Co5,cell_035,cell_036,715.8073376345121,774.0699442986645,0.07821128272867449,Periodic,C/5
0.875,Periodic_C_Co10,cell_029,cell_030,691.6327766142107,708.02849863045,0.02342812837109232,Periodic,C/10
0.875,Periodic_C_Co2,cell_045,cell_046,726.8711180613554,768.0853156770972,0.055137657105735226,Periodic,C/2
0.875,Periodic_C_Co5,cell_037,cell_038,842.5404313198852,804.2761746739848,0.04647057420556868,Periodic,C/5
0.875,Periodic_D_Co10,cell_031,cell_032,666.1436266780287,691.9007459707088,0.03793266230681892,Periodic,C/10
0.875,Periodic_D_Co2,cell_047,cell_048,948.7253112952333,951.8695687056229,0.0033087087032331805,Periodic,C/2
0.875,Periodic_D_Co5,cell_039,cell_040,850.7520924707952,845.109629379702,0.006654390530067776,Periodic,C/5
0.875,Periodic_E_Co10,cell_049,cell_050,634.7537830845338,635.0843635324455,0.000520665486058153,Periodic,C/10
0.875,Periodic_E_Co2,cell_053,cell_054,897.4811699816937,910.2562395445773,0.01413376687959493,Periodic,C/2
0.875,Periodic_E_Co5,cell_051,cell_052,755.606656486961,840.1202451533135,0.10592487797188795,Periodic,C/5
0.875,Synthetic_1a_Co10,cell_059,cell_060,797.2037284961704,792.2591694294688,0.006221672834458193,Synthetic,C/10
0.875,Synthetic_1a_Co16,cell_057,cell_058,639.8518328814159,619.9353321555217,0.03161883416284891,Synthetic,C/16
0.875,Synthetic_1a_Co5,cell_061,cell_062,988.7765306861868,969.2875597017847,0.01990636678346978,Synthetic,C/5
0.875,Synthetic_1b_Co10,cell_071,cell_072,991.2723204430885,976.5734478032318,0.014939049469263829,Synthetic,C/10
0.875,Synthetic_1b_Co16,cell_063,cell_064,724.7024222179787,730.41010813968,0.007845009650626022,Synthetic,C/16
0.875,Synthetic_2a_Co10,cell_065,cell_066,754.9545496643768,715.913757022134,0.0530853679622641,Synthetic,C/10
0.875,Synthetic_2a_Co2,cell_069,cell_070,1217.484426002822,1169.9641453787312,0.03980842242527717,Synthetic,C/2
0.875,Synthetic_2a_Co5,cell_067,cell_068,887.6900839981331,872.0175052312206,0.017812708046313665,Synthetic,C/5
0.875,Synthetic_2b_Co10,cell_073,cell_074,594.2124234717011,626.9164244061737,0.05356355472447803,Synthetic,C/10
0.875,Synthetic_2b_Co2,cell_077,cell_078,1033.0341847848165,952.8142056214157,0.0807916450731576,Synthetic,C/2
0.875,Synthetic_2b_Co5,cell_075,cell_076,800.0216194577088,778.1826346133689,0.027675739420933387,Synthetic,C/5
0.875,Synthetic_2c_Co10,cell_081,cell_082,677.8485052542329,688.0180523775525,0.014890981943290454,Synthetic,C/10
0.875,Synthetic_2c_Co2,cell_085,cell_086,1070.0675805060323,1064.2744920158398,0.005428453634283279,Synthetic,C/2
0.875,Synthetic_3_Co10,cell_079,cell_080,790.6699735248172,776.111072685536,0.018584474039299297,Synthetic,C/10
0.875,Synthetic_3_Co5,cell_087,cell_088,887.3938018425214,966.1108917254008,0.08493864639894946,Synthetic,C/5
0.85,CC_(100%_storage)_Co10,cell_007,cell_008,534.3212041606307,543.2848905093259,0.01663629482615455,CC,C/10
0.85,CC_(100%_storage)_Co2,cell_023,cell_024,637.4382493815157,636.824040322679,0.0009640229704658866,CC,C/2
0.85,CC_(100%_storage)_Co5,cell_015,cell_016,531.738762781169,545.024508839344,0.024677190257762195,CC,C/5
0.85,CC_(5%_storage)_Co10,cell_003,cell_004,757.9094301989501,760.0269026583526,0.0027899358010841746,CC,C/10
0.85,CC_(5%_storage)_Co2,cell_019,cell_020,1053.7240436310494,1042.9666062087952,0.010261349162859075,CC,C/2
0.85,CC_(5%_storage)_Co5,cell_011,cell_012,850.1240255077477,859.8004295253776,0.011317931607034027,CC,C/5
0.85,CC_(50%_storage)_Co10,cell_005,cell_006,730.6197426588117,718.7231585973053,0.01641652096435678,CC,C/10
0.85,CC_(50%_storage)_Co2,cell_021,cell_022,877.7810748107319,945.3789853285155,0.0741546636477114,CC,C/2
0.85,CC_(50%_storage)_Co5,cell_013,cell_014,807.9927736674302,798.1047633440494,0.012313088209798031,CC,C/5
0.85,CC_(no_storage)_Co10,cell_055,cell_056,796.4234220620365,790.2577106467273,0.007771834287564906,CC,C/10
0.85,CC_(no_storage)_Co5,cell_009,cell_010,938.5169538901547,941.6998357391674,0.0033856541081522637,CC,C/5
0.85,Drive_City1_Co10,cell_091,cell_092,904.7760932659868,1032.232041012007,0.13160083893352204,Drive,C/10
0.85,Drive_City2_Co10,cell_095,cell_096,886.7251112755886,865.1520969159778,0.024628454846878454,Drive,C/10
0.85,Periodic_A_Co10,cell_025,cell_026,848.467143784786,857.1054286049952,0.010129483740589855,Periodic,C/10
0.85,Periodic_A_Co2,cell_041,cell_042,1153.3560449270578,1157.7788945576337,0.0038274265643373153,Periodic,C/2
0.85,Periodic_A_Co5,cell_033,cell_034,990.2143203315135,958.5757349506206,0.03246997827717511,Periodic,C/5
0.85,Periodic_B_Co10,cell_027,cell_028,826.4863085876781,852.2584624442192,0.03070407640429981,Periodic,C/10
0.85,Periodic_B_Co2,cell_043,cell_044,1152.6178356128007,1196.739639224862,0.037560740827753375,Periodic,C/2
0.85,Periodic_B_Co5,cell_035,cell_036,986.9821678472929,963.1758321701154,0.02441477631757524,Periodic,C/5
0.85,Periodic_C_Co10,cell_029,cell_030,885.3199906417267,896.6973942312155,0.012769127491200141,Periodic,C/10
0.85,Periodic_C_Co2,cell_045,cell_046,943.6932114557201,993.3473820083119,0.05126807431928384,Periodic,C/2
0.85,Periodic_C_Co5,cell_037,cell_038,1133.3730284502863,1121.521264766336,0.010512034838709664,Periodic,C/5
0.85,Periodic_D_Co10,cell_031,cell_032,846.9759557782586,869.1939312686377,0.02589251292435942,Periodic,C/10
0.85,Periodic_D_Co2,cell_047,cell_048,1250.8488234966305,1232.8057636423039,0.014529443786393424,Periodic,C/2
0.85,Periodic_D_Co5,cell_039,cell_040,1066.1408720697889,1087.709687411359,0.020028144707278085,Periodic,C/5
0.85,Periodic_E_Co10,cell_049,cell_050,822.4694415694968,850.5199359813463,0.033533380173535556,Periodic,C/10
0.85,Periodic_E_Co2,cell_053,cell_054,1172.061786081866,1175.1793638467193,0.0026563762014380557,Periodic,C/2
0.85,Periodic_E_Co5,cell_051,cell_052,1054.138363420649,1061.7036389352686,0.007151077921882512,Periodic,C/5
0.85,Synthetic_1a_Co10,cell_059,cell_060,1010.1411886339837,1005.2591677751295,0.0048447156847313206,Synthetic,C/10
0.85,Synthetic_1a_Co16,cell_057,cell_058,803.5797623528338,793.691117092686,0.012381926431389691,Synthetic,C/16
0.85,Synthetic_1a_Co5,cell_061,cell_062,1274.9717381152198,1301.2981292320853,0.020437603568272872,Synthetic,C/5
0.85,Synthetic_1b_Co10,cell_071,cell_072,1282.8156285860885,1221.3276542230465,0.04910899051596209,Synthetic,C/10
0.85,Synthetic_1b_Co16,cell_063,cell_064,928.1483689550978,933.0358350005461,0.0052519960518263055,Synthetic,C/16
0.85,Synthetic_2a_Co10,cell_065,cell_066,914.3533328775941,918.3204202610187,0.004329289243795491,Synthetic,C/10
0.85,Synthetic_2a_Co2,cell_069,cell_070,1575.8901277254292,1492.1953716234552,0.05455829449325052,Synthetic,C/2
0.85,Synthetic_2a_Co5,cell_067,cell_068,1034.3383347750027,1143.2523742008855,0.10003169004803894,Synthetic,C/5
0.85,Synthetic_2b_Co10,cell_073,cell_074,786.003200728906,804.7672125717942,0.02359109986708215,Synthetic,C/10
0.85,Synthetic_2b_Co2,cell_077,cell_078,1188.6948941909468,1320.4744104553938,0.10503836151703674,Synthetic,C/2
0.85,Synthetic_2b_Co5,cell_075,cell_076,1014.9262480018696,1008.9071045005226,0.0059482600125198674,Synthetic,C/5
0.85,Synthetic_2c_Co10,cell_081,cell_082,819.5069692043237,866.0134646185575,0.0551835438847261,Synthetic,C/10
0.85,Synthetic_2c_Co2,cell_085,cell_086,1432.1116201361206,1391.1456617806184,0.029020350796856838,Synthetic,C/2
0.85,Synthetic_3_Co10,cell_079,cell_080,972.6944849631354,1013.9936743583997,0.04157591537603788,Synthetic,C/10
0.85,Synthetic_3_Co5,cell_087,cell_088,1267.5583308099292,1272.7446623621322,0.004083238547640224,Synthetic,C/5
