cell,life_soh0.950,life_soh0.925,life_soh0.900,life_soh0.875,life_soh0.850,rate_avg_last,rate_slope_first4,rate_slope_first6,rate_slope_first8,rate_slope_all,fade_at_200efc,fade_at_400efc,efc_first,efc_last,protocol_name,protocol_type,avg_Crate
cell_003,200.61966686536178,323.2163315314661,461.3721665680313,606.0987123736068,757.9094301989501,0.019226616955371884,0.02701618025244159,0.0249968527039506,0.022492342836417215,0.019095749219454623,4.985783718872527,8.918322304804683,1.9889551331500002,891.3407034087489,CC_(5%_storage)_Co10,CC,Co10
cell_004,192.10298640498834,315.8555529220074,453.3876628456234,602.9467428544981,760.0269026583526,0.01913747530141491,0.028930300604412092,0.025651696985528,0.022604002846025206,0.018847729692572205,5.179958626362746,9.07052040496784,1.9886344288499997,890.8504191962298,CC_(5%_storage)_Co10,CC,Co10
cell_005,180.81835457342856,306.85854331703104,434.2569132827735,578.2942135120545,730.6197426588117,0.019851050046625757,0.03140005223895682,0.026832213943629408,0.023095484462690243,0.019381281310573248,5.450130776666128,9.384599032919638,1.98992321946,890.7306693918802,CC_(50%_storage)_Co10,CC,Co10
cell_006,179.6915989348987,306.3196140941889,430.4284462291475,572.3251471552037,718.7231585973053,0.02021815298694187,0.03163686660978523,0.02694639155206044,0.02323185493129214,0.0196977451930164,5.474166273722858,9.466300452168053,1.98964017072,889.9441488980498,CC_(50%_storage)_Co10,CC,Co10
cell_007,153.5095588768264,246.96858050023133,347.6792140550807,452.4974944769911,534.3212041606307,0.028310104223568975,0.035562896751274484,0.03119860280983302,0.028015244817027753,0.02721983138693308,6.292444975370126,11.264480599366934,1.98940225151,551.7276961542216,CC_(100%_storage)_Co10,CC,Co10
cell_008,152.06873648946453,245.5530772228741,347.5988667506143,453.8665281139443,543.2848905093259,0.027730515061415034,0.03602550905067293,0.031305555127089914,0.02791676142640691,0.026792740224740454,6.339581998189603,11.249781535523319,1.9885447241999998,551.8544821134905,CC_(100%_storage)_Co10,CC,Co10
cell_009,227.6405835832732,378.503799254645,552.9456103251181,741.3533036536141,938.5169538901547,0.014874200900911504,0.02571671452075304,0.022257780098142544,0.01945248630655423,0.01445765371489825,4.506835433446621,7.829291989012521,1.9872061791500002,1358.5285986417307,CC_(no_storage)_Co5,CC,Co5
cell_010,231.2262316516921,386.3570572919763,560.188437813607,746.5945732742189,941.6998357391674,0.014877496508087042,0.025134276242836654,0.022072794863167797,0.019242219396423024,0.014496781150746598,4.4482287844452735,7.702195387587462,1.9881577264699999,1360.2158050201401,CC_(no_storage)_Co5,CC,Co5
cell_011,214.28297369242162,357.3016080636891,512.2659790545488,678.0710841376228,850.1240255077477,0.016720914511841108,0.026765270574773695,0.02331547630624699,0.020424972718768475,0.01640622078484827,4.717800003156314,8.205410200660769,1.9858400939599996,1121.916812365759,CC_(5%_storage)_Co5,CC,Co5
cell_012,215.85155569656902,357.7033272525923,514.0693720200888,682.3539688047481,859.8004295253776,0.016570521350767677,0.026355231120034524,0.023285596256108248,0.02051095952508645,0.01626631930799339,4.685643239530579,8.200756500573203,1.9881296022200001,1123.6523241858308,CC_(5%_storage)_Co5,CC,Co5
cell_013,198.57458860509306,333.40142965808167,481.15909153666456,642.3240677026109,807.9927736674302,0.0175274681129468,0.02892765551043905,0.024823328348016316,0.021486472065898234,0.017039445536704462,5.030651644076311,8.647266653640651,1.98370184634,1120.2953976844212,CC_(50%_storage)_Co5,CC,Co5
cell_014,195.8886071736622,329.2157825742502,479.89300890764275,637.5459909077161,798.1047633440494,0.01778624019947137,0.029693922729585834,0.025017137999592733,0.021573379397905972,0.017185854823084056,5.088007788207827,8.701438955910168,1.9876804065999998,1121.3188137445682,CC_(50%_storage)_Co5,CC,Co5
cell_015,161.72427657241929,262.22883444028145,371.57836081897375,472.3262368332687,531.738762781169,0.02863802614417925,0.03403452988456786,0.02977221708448708,0.026511114306584795,0.0267387892642179,6.000493856061628,10.652456690936962,1.9853682838000002,544.4681810373296,CC_(100%_storage)_Co5,CC,Co5
cell_016,163.79206299860792,264.5149411177143,374.8113888932024,477.3507561818072,545.024508839344,0.027634040500903026,0.03395189998813782,0.02937351496648237,0.02629406367564648,0.026080927019599933,5.925284794712626,10.565198803531716,1.9883422299699998,545.6995718488699,CC_(100%_storage)_Co5,CC,Co5
cell_017,247.19817033303485,427.07754693869947,639.7866777740358,867.5607847232776,1103.5753174652805,0.012612302441563701,0.02560192254226489,0.020967740691214404,0.017765740346289745,0.012026749730437778,4.2653881267730736,7.138993100684187,1.9895699436299998,1600.1269423864683,CC_(no_storage)_Co2,CC,Co2
cell_019,234.87690007781742,403.40396553959766,598.6208042347088,816.1720695658456,1053.7240436310494,0.013370206334704326,0.026993423897975488,0.021787448270609577,0.01839671124403493,0.01295547176051307,4.436768670812574,7.451365784625208,1.9874459330200005,1304.0239078344334,CC_(5%_storage)_Co2,CC,Co2
cell_020,231.78200100436663,404.29851924041066,596.6416786178548,811.5922884541534,1042.9666062087952,0.01351168471630899,0.02729624603373496,0.02199521909664796,0.0184203750425477,0.013076557834128174,4.491629769173455,7.4419419694296,1.98395258908,1303.1521266588886,CC_(5%_storage)_Co2,CC,Co2
cell_021,199.63598421877649,345.92516635334056,512.3976533160046,674.5230014174095,877.7810748107319,0.015637530542701675,0.030423047386154735,0.02443340226702663,0.02060952855912699,0.015060513987289742,5.0073319836729135,8.348575756771249,1.9875278473900004,1302.3020201834233,CC_(50%_storage)_Co2,CC,Co2
cell_022,201.3869549478623,358.83685099927044,537.9015306137252,739.7518393269577,945.3789853285155,0.014440261261856711,0.0310312678990269,0.024145940364100033,0.01993574194063757,0.01387547892354421,4.973882486556014,8.080236204112524,1.98309911827,1289.7432684195858,CC_(50%_storage)_Co2,CC,Co2
cell_023,164.99137436260114,276.45788375597465,413.02996021391226,536.2552539507927,637.4382493815157,0.026210660738336895,0.03521313988415227,0.02883110585176646,0.02480910408213028,0.023399584090424634,5.838576428271159,9.802101816044528,1.9855480872199998,742.1248153652712,CC_(100%_storage)_Co2,CC,Co2
cell_024,166.41246640402508,276.1759933071671,400.62628355746955,537.4384208299659,636.824040322679,0.026049658753755835,0.03452843063396738,0.028689688059560955,0.02483071122450306,0.023452554789832176,5.822826354634136,9.986914488877762,1.9827805886200003,741.1409361382396,CC_(100%_storage)_Co2,CC,Co2
cell_025,199.98670304147308,347.68361878092463,498.98504125528973,654.3950607392019,848.467143784786,0.016082746732713562,0.029520684015738253,0.024289477434514286,0.0203386326614996,0.015701138635992953,5.000276037155338,8.34556398817231,1.9812866107200002,1235.5541784642578,Periodic_A_Co10,Periodic,Co10
cell_026,202.27624434476868,348.71862428799864,509.27091291003245,678.0587130465251,857.1054286049952,0.016054594748741643,0.0303352880628508,0.023747797231116374,0.019531716157012748,0.015551467820356464,4.95598792105273,8.282451502449772,1.9822468994399998,1284.3648725306798,Periodic_A_Co10,Periodic,Co10
cell_027,203.32639091691786,335.05735133188875,504.30962516689107,673.3393248017662,826.4863085876781,0.016186193644791555,0.029459207462024087,0.023636843840446273,0.019921868160088556,0.015865329534578785,4.934733020295912,8.45623771451638,1.9862788857200002,1298.8508802603806,Periodic_B_Co10,Periodic,Co10
cell_028,203.0202714722834,353.5284399178585,509.65273696767326,682.8320791348028,852.2584624442192,0.016567350246418342,0.030992683062572524,0.02387361856031691,0.019336815063188642,0.016010259825726226,4.940445319167653,8.28438274575446,1.9855283382300002,1201.2643345869787,Periodic_B_Co10,Periodic,Co10
cell_029,165.30900480131768,343.4941666201823,509.3703632904362,691.6327766142107,885.3199906417267,0.015303879881658156,0.029302109716274477,0.02656199301425083,0.024431412934489232,0.014693019864114112,5.709825868620411,8.365822028338632,1.98467123471,1314.6294181498301,Periodic_C_Co10,Periodic,Co10
cell_030,203.6494255135104,322.2871449975287,518.6219181885169,708.02849863045,896.6973942312155,0.015186273248738743,0.029331537933211492,0.023934156599353516,0.020953629470619305,0.014756373135220015,4.926219376195062,8.212167573858986,1.9844087578,1327.8353144312794,Periodic_C_Co10,Periodic,Co10
cell_031,188.3847253280509,349.0698679481526,512.2221543600666,666.1436266780287,846.9759557782586,0.016047467150887465,0.028762978251955253,0.025935339653520514,0.020635566336282364,0.015559228940187393,5.28775492077278,8.292498988471031,1.98432269137,1301.6061776419576,Periodic_D_Co10,Periodic,Co10
cell_032,201.21543843940782,350.5575746372193,504.8074831963918,691.9007459707088,869.1939312686377,0.01604679102698646,0.028883943972948425,0.026506600777034563,0.020528331248599485,0.015510902370454625,4.975854337462016,8.288630015169296,1.9823303512700001,1246.7713762977273,Periodic_D_Co10,Periodic,Co10
cell_033,219.9285839868382,372.3361808926566,586.8483111167,791.5731131555516,990.2143203315135,0.01356410609793702,0.027206571379375547,0.022105260760162844,0.01738459343741011,0.012922024151424552,4.633509395971835,7.951352920657184,1.9914266243299994,1497.1433706577004,Periodic_A_Co5,Periodic,Co5
cell_034,213.72720226070777,363.01908138721467,554.5819452259354,753.8726288547405,958.5757349506206,0.014259498637344803,0.027979745854787418,0.022628564908341628,0.019396957295307195,0.013535641192465354,4.745864448784132,8.10951264476163,1.99020729051,1462.794279872012,Periodic_A_Co5,Periodic,Co5
cell_035,219.10280720329322,368.6090059613219,573.423473352132,715.8073376345121,986.9821678472929,0.014048490969481547,0.0285041555511754,0.02292259380616476,0.019046176416174475,0.013403341560692636,4.7834606309426375,8.052673828816259,1.9916593603900001,1445.5201489384567,Periodic_B_Co5,Periodic,Co5
cell_036,221.54097086564616,385.58571663742606,575.3911038178132,774.0699442986645,963.1758321701154,0.013959233628511097,0.027705643897922957,0.02232582593559827,0.01940821234869746,0.013432234309494823,4.567416802371893,7.692462954932012,1.9874868493200002,1479.8251515718848,Periodic_B_Co5,Periodic,Co5
cell_037,222.50556422492684,406.32241905958074,623.5995326492352,842.5404313198852,1133.3730284502863,0.011919459891471,0.029503645552377736,0.022988505239511,0.017206955823819953,0.011215724192432426,4.683788686402979,7.421572036397683,1.98851659901,1701.8542530808759,Periodic_C_Co5,Periodic,Co5
cell_038,223.9532155394368,401.6761292551213,628.1918022048513,804.2761746739848,1121.521264766336,0.012249147538511859,0.029213218572740264,0.02281704442803825,0.018655154316798123,0.011488229436471459,4.64126078146424,7.479393440793036,1.9874161792600002,1687.008808276935,Periodic_C_Co5,Periodic,Co5
cell_039,223.62313611237352,395.1885106861658,577.5150780057395,850.7520924707952,1066.1408720697889,0.01234659222218552,0.03144776448316579,0.023453410438924616,0.018143489587277697,0.011887051005235929,4.6788600020585385,7.597255707352646,1.99030094091,1652.82204816112,Periodic_D_Co5,Periodic,Co5
cell_040,235.9394443996621,413.3941080602303,624.0586834184949,845.109629379702,1087.709687411359,0.012489568537309226,0.02821659667636107,0.019977922273490687,0.01730415533833897,0.01194927756812761,4.404843947941551,7.333481608190318,1.9863031591800002,1648.8060158539324,Periodic_D_Co5,Periodic,Co5
cell_041,221.84859656451033,408.54972201257874,621.801284331118,889.0661280556894,1153.3560449270578,0.011586717709861638,0.030633762517196773,0.02308443932969719,0.01840828715459482,0.010805261995470768,4.6823873364952195,7.392991701445295,1.9916676655,1814.2572864625254,Periodic_A_Co2,Periodic,Co2
cell_042,227.8981039174096,425.6202912499588,652.2767814211539,877.4895829399685,1157.7788945576337,0.012055088172551262,0.02897496483421481,0.022870466207324077,0.01833646269014875,0.01124747316686689,4.6021171569928025,7.206299613996936,1.9891935133900003,1678.2171354961222,Periodic_A_Co2,Periodic,Co2
cell_043,225.41546240778814,401.5984352606835,665.4763806613907,915.3334438392593,1152.6178356128007,0.012112315392259333,0.027428153701597284,0.021891522441834867,0.01876203330798156,0.011289889662175614,4.454265317119033,7.470120065389352,1.9912473552999999,1700.6935462268357,Periodic_B_Co2,Periodic,Co2
cell_044,229.1158247189785,428.618224120825,668.0949154195381,925.0076055770002,1196.739639224862,0.011729548922856478,0.02970722358365151,0.02255487332839978,0.018205951084614723,0.010779312594257101,4.545956440392618,7.156424771833181,1.9832874344499998,1764.8660279255328,Periodic_B_Co2,Periodic,Co2
cell_045,194.06127318553638,344.0995809049005,522.9613104693473,726.8711180613554,943.6932114557201,0.015337787688220595,0.03490013980453714,0.026180605453566114,0.021719721382694183,0.013968151996725648,5.112463691588465,8.31561330287438,1.9857411138,1317.2731719291119,Periodic_C_Co2,Periodic,Co2
cell_046,196.91569145219512,357.6795158719515,550.3599042903847,768.0853156770972,993.3473820083119,0.014708327157177436,0.034197134504492334,0.026147068326267554,0.021208937934067248,0.01339685720508677,5.0529460233983965,8.079441989476422,1.98157460423,1426.858120239838,Periodic_C_Co2,Periodic,Co2
cell_047,244.69141894892962,446.195185592537,684.3981905350028,948.7253112952333,1250.8488234966305,0.010826024310635823,0.02872893087343371,0.022092878677350776,0.01794430737973594,0.010149778644427359,4.373695943261257,6.969656970839133,1.9825914629599999,1927.2498947739732,Periodic_D_Co2,Periodic,Co2
cell_048,243.5254316868233,443.53175864614,683.9107411971145,951.8695687056229,1232.8057636423039,0.010602266995283435,0.028597928374838825,0.02192289032195699,0.017794640626337434,0.009931820563782272,4.3612017613138825,6.992301873256235,1.9825629340100002,1950.3125131418976,Periodic_D_Co2,Periodic,Co2
cell_049,178.2909141112849,307.5462310900987,489.6139881543863,634.7537830845338,822.4694415694968,0.016742202933326993,0.032327420781661065,0.026536592487185016,0.021131010624818244,0.016034871533867238,5.563553332724547,8.570907049795995,1.98037584744,1235.804837892741,Periodic_E_Co10,Periodic,Co10
cell_050,186.47408833229568,341.20110691277495,503.7416942892301,635.0843635324455,850.5199359813463,0.016218969105429287,0.03151975703345445,0.0220086987622401,0.019318785412268166,0.015615390300303893,5.302104548744602,8.455485091370353,1.98418330581,1235.0184043140084,Periodic_E_Co10,Periodic,Co10
cell_051,213.90174126371656,386.13432407104835,514.2767237483447,755.606656486961,1054.138363420649,0.012199044328592288,0.030463058854665402,0.023035372268635064,0.018740228730304384,0.011985499575282029,4.7792288712443565,7.729158179347284,1.98193954573,1675.3211567016108,Periodic_E_Co5,Periodic,Co5
cell_052,206.58947056862843,390.86567943238714,596.0156093721806,840.1202451533135,1061.7036389352686,0.011956505128925057,0.030367169788687982,0.023812226145040364,0.018787374167124733,0.011268959523116942,4.904799405818427,7.611700844740643,1.98406715235,1750.3383495162093,Periodic_E_Co5,Periodic,Co5
cell_053,217.0936052644378,401.9874059385751,636.4068609297191,897.4811699816937,1172.061786081866,0.01140663695695254,0.03234007988925636,0.023768309988293154,0.01899930129490392,0.010533415718403834,4.735621872664508,7.475333169107112,1.9804873705,1838.919002401254,Periodic_E_Co2,Periodic,Co2
cell_054,224.11280197739688,414.9809797151313,647.4422093079538,910.2562395445773,1175.1793638467193,0.011539720281974614,0.03056006782305569,0.023302529594091775,0.01944818904944732,0.010670764567314044,4.642477582531768,7.3566896728677555,1.9835978026199996,1801.6097668232298,Periodic_E_Co2,Periodic,Co2
cell_055,189.91038910792147,324.5032468653278,471.79871631750467,629.8919879088633,796.4234220620365,0.01726444039819445,0.029900135747027344,0.02470941936571056,0.021214226414847978,0.01676887980145775,5.2128365769408935,8.787409975590421,1.9882621355099999,1206.5788666188676,CC_(no_storage)_Co10,CC,Co10
cell_056,189.12515086088194,318.99034754199226,470.7657586925304,624.0084296695612,790.2577106467273,0.017266277693193808,0.030859447916039517,0.025470395421426435,0.022336735246690654,0.016999747421645978,5.2392271287016845,9.1705428839286,1.98568355548,1206.6349927840827,CC_(no_storage)_Co10,CC,Co10
cell_057,179.895703748529,321.96398246769627,476.88021403996464,639.8518328814159,803.5797623528338,0.01789465755639851,0.03183418187639843,0.024973424968953856,0.020644845780763022,0.017068102256363737,5.338969408440509,8.774276413035654,1.9857085668100005,1054.0518438557501,Synthetic_1a_Co16,Synthetic,Co16
cell_058,157.310070342632,303.44999049378225,441.91963022959476,619.9353321555217,793.691117092686,0.018147844919635087,0.03423320482888158,0.027619878518303158,0.02192292067084324,0.017109791218584372,5.88750475146197,9.37714464449696,1.9850557174400003,1053.5198695233996,Synthetic_1a_Co16,Synthetic,Co16
cell_059,206.84102675469273,383.5655948571256,570.9371875936481,797.2037284961704,1010.1411886339837,0.013254044339076074,0.031723691883660934,0.022737110748164837,0.018094025014238062,0.012619084706336417,4.873117736866783,7.720656884008048,1.9870459711900001,1518.4384132593489,Synthetic_1a_Co10,Synthetic,Co10
cell_060,205.868687054556,384.95063597715443,562.0588860115015,792.2591694294688,1005.2591677751295,0.013217472350318782,0.02657446611877899,0.020304462162844355,0.017425567997927938,0.012756727242828688,4.881429510049584,7.704110348154803,1.98260574691,1518.4653111510795,Synthetic_1a_Co10,Synthetic,Co10
cell_061,236.79153377218466,453.39145189656784,711.5910799704434,988.7765306861868,1274.9717381152198,0.010520065400604498,0.02894335927614226,0.02137790972986165,0.01640939804240184,0.009669167435588181,4.543171953345837,6.900296483666368,1.9847944963099997,1997.5407960300515,Synthetic_1a_Co5,Synthetic,Co5
cell_062,235.58999841125237,462.24374357200423,707.9977782732541,969.2875597017847,1301.2981292320853,0.010262961311803768,0.0306767857161899,0.019637489734004802,0.01616996972885272,0.009586444371425425,4.395373128413793,6.873685263842977,1.9839774492100002,2006.906851297048,Synthetic_1a_Co5,Synthetic,Co5
cell_063,186.4570395239009,346.42264345731706,534.7359572346132,724.7024222179787,928.1483689550978,0.015083788769982,0.030038290645197526,0.024535192308621206,0.019577411283283032,0.01425376944193701,5.322983266921155,8.362075517196466,1.9868809190299999,1291.1608809044415,Synthetic_1b_Co16,Synthetic,Co16
cell_064,199.06474531607816,355.3281605195262,502.95323016957786,730.41010813968,933.0358350005461,0.015198360071294105,0.03240988115963079,0.02304552157409233,0.018851244162941094,0.014348059686591726,5.017073479774348,8.128282371510453,1.9899518356199999,1208.3510480605287,Synthetic_1b_Co16,Synthetic,Co16
cell_065,235.22351129742756,387.95152455821267,534.0995580014562,754.9545496643768,914.3533328775941,0.015544804677109609,0.030543493812544363,0.02064453207453349,0.018076819109396108,0.01503923814468665,4.383924411695594,7.709575038986271,1.99117507803,1162.2297801871068,Synthetic_2a_Co10,Synthetic,Co10
cell_066,213.41421604499632,379.2216943748372,543.1515971739304,715.913757022134,918.3204202610187,0.015283533147528384,0.025052477461519524,0.022516174057379865,0.01861798150017888,0.014921874363223793,4.757009001496315,7.826928193914629,1.99212668967,1346.782560752611,Synthetic_2a_Co10,Synthetic,Co10
cell_067,253.11529312008503,404.19770465571537,688.7372867752069,887.6900839981331,1034.3383347750027,0.011722383337358115,0.024181245221649553,0.019359290983970327,0.017610125504518265,0.011417421498588013,4.163670987653312,7.400979193654422,1.99107533774,1753.5742686580204,Synthetic_2a_Co5,Synthetic,Co5
cell_068,241.9007693654043,456.8859232457163,680.0357407988928,872.0175052312206,1143.2523742008855,0.011681824880730711,0.029011935820782802,0.020404166161040495,0.0156581132833087,0.011154087708460847,4.400282577257442,6.82859156888056,1.99167694542,1766.772128607899,Synthetic_2a_Co5,Synthetic,Co5
cell_069,300.171188918835,501.77778728523265,850.8015053839314,1217.484426002822,1575.8901277254292,0.009466029049240507,0.024298595966720238,0.017662210316285492,0.013909732489623796,0.00832971615660362,3.848843709720151,6.010304780807463,1.9860944025600002,2213.7368209520473,Synthetic_2a_Co2,Synthetic,Co2
cell_070,279.2645536725705,538.9148168506543,846.7042958636491,1169.9641453787312,1492.1953716234552,0.009469880057315697,0.026762084946489982,0.017966526366813177,0.014527258797828953,0.00836833233475588,4.103244709003285,6.579635339798006,1.99126725737,2207.501110125527,Synthetic_2a_Co2,Synthetic,Co2
cell_071,232.32932271704885,443.25374711573346,711.4371750145106,991.2723204430885,1282.8156285860885,0.010779556530815769,0.026853410881175443,0.02055300521321891,0.017834019870910385,0.01019206413667314,4.36840680606111,7.171565677099256,1.98880059174,1651.20146409689,Synthetic_1b_Co10,Synthetic,Co10
cell_072,239.66551744407974,393.4674261119508,681.7550218281622,976.5734478032318,1221.3276542230465,0.011285422151307425,0.028501695059274246,0.020186342798797555,0.01722922893995147,0.010426295052579587,4.445320603875336,7.613994561721505,1.9891814922800002,1652.420735653547,Synthetic_1b_Co10,Synthetic,Co10
cell_073,202.8304806334588,331.522486679997,426.92472168438667,594.2124234717011,786.003200728906,0.019602261015338962,0.02781559365460427,0.023949634620710883,0.02226039956233228,0.01847401519109878,4.9561312353399,9.39041419611728,1.98707771419,967.1664806312599,Synthetic_2b_Co10,Synthetic,Co10
cell_074,189.08995860394387,324.93348914292704,466.22938658885516,626.9164244061737,804.7672125717942,0.016744539832317207,0.03306699030214438,0.02539356138482641,0.021060300262257386,0.01650607060871672,5.233763721838958,8.811468042613802,1.9815347877100002,1177.313249485831,Synthetic_2b_Co10,Synthetic,Co10
cell_075,218.61135046971424,393.2395199592058,588.1743288985983,800.0216194577088,1014.9262480018696,0.01362939911876985,0.0281081733252528,0.021627487913513096,0.01834115215800975,0.013332192725110697,4.657745908856703,7.560733162223288,1.9838810930599997,1470.8487059911022,Synthetic_2b_Co5,Synthetic,Co5
cell_076,159.45167199094425,388.95215702857917,580.9235390900838,778.1826346133689,1008.9071045005226,0.013578017351143038,0.028650336927741236,0.02704616831242604,0.018471308788542348,0.01301455401854632,5.589952081297323,7.608860300932896,1.9818358708500003,1504.6558124863031,Synthetic_2b_Co5,Synthetic,Co5
cell_077,269.84853493808663,476.8019298045558,746.6652972690355,1033.0341847848165,1188.6948941909468,0.00966236648111277,0.025638483253913255,0.019308402882604662,0.01581206998426903,0.009970449897552833,4.040727178074199,6.50879178786804,1.98359995454,2089.5697294498977,Synthetic_2b_Co2,Synthetic,Co2
cell_078,234.16036464741356,462.74718509457364,670.0802740957764,952.8142056214157,1320.4744104553938,0.010134521009467427,0.027432930749983618,0.0202637948947248,0.015009271893936943,0.009181819169153616,4.547391907298703,6.851760197253986,1.98351361315,2045.4837042704555,Synthetic_2b_Co2,Synthetic,Co2
cell_079,195.85920979621872,362.0544855246116,586.871049683049,790.6699735248172,972.6944849631354,0.013878036525855142,0.02969505061103498,0.023805557790581626,0.019202852373401542,0.013495629874660593,5.0906698454193595,8.236139808118704,1.9822177550099997,1483.554236524693,Synthetic_3_Co10,Synthetic,Co10
cell_080,205.08011573484416,360.76442352489426,589.7041303728693,776.111072685536,1013.9936743583997,0.013472952869891239,0.03143995412282445,0.02269801801663999,0.018561217303695553,0.012599501648576346,4.953359231359611,8.110258721659601,1.9793178986400002,1452.1742864564965,Synthetic_3_Co10,Synthetic,Co10
cell_081,175.64550022869616,343.44542440002414,502.984012610406,677.8485052542329,819.5069692043237,0.017348044952340203,0.02658487126728093,0.02138654084130042,0.01768977175229343,0.015787285683664384,5.638846122000896,8.386220948711752,1.9771017776899995,1198.181055181753,Synthetic_2c_Co10,Synthetic,Co10
cell_082,196.12879534665075,343.4670783006932,513.720122934592,688.0180523775525,866.0134646185575,0.01586602168952676,0.03130741795982523,0.02358310097089896,0.01967296118332047,0.015258542888991016,5.073710227110895,8.380317145126403,1.98258742402,1303.9961969121193,Synthetic_2c_Co10,Synthetic,Co10
cell_084,228.48968359346256,417.85938639575227,615.9214979748349,841.2139948865541,1087.0758586383436,0.012653944636935845,0.0288051277512962,0.021558291155203725,0.017637850332111325,0.011908964159641818,4.514820172247003,7.283779835143767,1.9837628049899998,1618.3487095746464,Synthetic_2c_Co5,Synthetic,Co5
cell_085,260.91384562204274,435.45328833167315,737.4160409242178,1070.0675805060323,1432.1116201361206,0.009345177557435783,0.028902957958054577,0.01963246895614489,0.015503545927286803,0.008495237389105634,4.211503420319862,6.805008251625521,1.97997147008,2221.3067093870877,Synthetic_2c_Co2,Synthetic,Co2
cell_086,263.75757146460415,438.18211996355154,756.4218859494558,1064.2744920158398,1391.1456617806184,0.009608507861206431,0.027540177106731015,0.019180025346525527,0.0152640636483886,0.008858080838836086,4.205671788468801,6.753637668088707,1.98452630971,2117.652019955879,Synthetic_2c_Co2,Synthetic,Co2
cell_087,239.66437485417646,426.08451911149734,641.4526138596561,887.3938018425214,1267.5583308099292,0.010285229782481885,0.02860280707518412,0.020039862999621672,0.016367359937101342,0.010189568707268419,4.3741285387464135,6.952865130470043,1.98163647338,1976.4099586818506,Synthetic_3_Co5,Synthetic,Co5
cell_088,251.61968204172052,407.81777776319814,653.9567928108794,966.1108917254008,1272.7446623621322,0.010876676423881203,0.02751225657004995,0.020107510461998195,0.016927600825139895,0.009951582746770736,4.325427737149246,7.404191232864865,1.9911010950899999,1895.922702407975,Synthetic_3_Co5,Synthetic,Co5
cell_089,157.71897586992642,330.84861985744953,559.8798877881419,742.3229677968633,917.1738022493357,0.016635577783478274,0.038483399705156275,0.02942980297044922,0.021103596907992267,0.014567184842210023,5.671582164881206,9.136260677904218,1.98721884805,931.9493868758669,Drive_City1_Co16,Drive,Co16
cell_090,161.38039875416987,331.45825481278854,538.4177870898963,784.1592272139267,,0.015198078950833579,0.033155208295112995,0.024877655339402043,0.018049250341068346,0.014148897125674248,5.780211396491152,8.182309093988959,1.9922885898800005,931.2825745944294,Drive_City1_Co16,Drive,Co16
cell_091,168.81286570480188,320.4828825070331,532.7353795398292,696.3729385755179,904.7760932659868,0.015445060774657186,0.035306518809887784,0.02532515896012322,0.018213597281978026,0.01442342477164621,5.6907790580752575,7.830584105475036,1.99087935498,1205.7637644716685,Drive_City1_Co10,Drive,Co10
cell_092,208.3844110323695,384.8058961593044,553.0835712589285,775.0655651093556,1032.232041012007,0.015063316991519879,0.03065119611601555,0.022790874934697978,0.018169773018064977,0.013771382642787563,4.8502201217974665,7.705525005295533,1.99191945926,1177.856540594761,Drive_City1_Co10,Drive,Co10
cell_093,155.16108991618097,297.06457937805874,511.365682843153,727.4625168034796,,0.01687047730766509,0.03811710414298396,0.028435671886505524,0.022179005086707653,0.015042808364075516,5.814080431560498,8.686962863387004,1.98858731885,881.1023294079092,Drive_City2_Co16,Drive,Co16
cell_094,173.5198543847962,343.5881886965749,556.1082600887181,771.4027702973436,,0.015641636966624534,0.039234590332871334,0.02766950614258626,0.020871437180310703,0.014446526565854096,5.394024302285649,8.464840965867781,1.9903685879199997,880.1653064053289,Drive_City2_Co16,Drive,Co16
cell_095,192.50468915979528,301.2284330066383,476.35990001851684,664.5321939015118,886.7251112755886,0.01677706059325565,0.034306979215770646,0.023355647917392003,0.022242125981664935,0.015368838006868531,5.15502201725514,9.579249685575276,1.9913095482100005,1236.968303929362,Drive_City2_Co10,Drive,Co10
cell_096,194.91780279346872,298.9779391924951,489.7230284633891,664.9630011884376,865.1520969159778,0.01579440021494983,0.03284350649913488,0.023979425009314683,0.020693760858026367,0.015126519779469936,5.098199364603073,8.370391610501892,1.98934446747,1247.2671029870014,Drive_City2_Co10,Drive,Co10
