,life_soh0.950,life_soh0.925,life_soh0.900,life_soh0.875,life_soh0.850,rate_avg_last,rate_slope_first4,rate_slope_first6,rate_slope_first8,rate_slope_all,fade_at_200efc,fade_at_400efc
life_soh0.950,1.0,0.6888888888888889,0.8,0.7555555555555555,0.6511627906976745,0.5777777777777777,0.6888888888888889,0.8222222222222222,0.6666666666666666,0.5333333333333333,0.8888888888888888,0.7333333333333333
life_soh0.925,0.6888888888888889,1.0,0.6666666666666666,0.6666666666666666,0.6976744186046512,0.5777777777777777,0.6,0.6888888888888889,0.6666666666666666,0.5333333333333333,0.6666666666666666,0.8666666666666667
life_soh0.900,0.8,0.6666666666666666,1.0,0.7333333333333333,0.7441860465116279,0.6,0.7111111111111111,0.6666666666666666,0.6,0.6,0.7777777777777778,0.7555555555555555
life_soh0.875,0.7555555555555555,0.6666666666666666,0.7333333333333333,1.0,0.7209302325581395,0.7333333333333333,0.6222222222222222,0.6222222222222222,0.6444444444444445,0.6888888888888889,0.7333333333333333,0.7555555555555555
life_soh0.850,0.6511627906976745,0.6976744186046512,0.7441860465116279,0.7209302325581395,1.0,0.6744186046511628,0.4883720930232558,0.5581395348837209,0.7209302325581395,0.7674418604651163,0.6511627906976745,0.7906976744186046
rate_avg_last,0.5777777777777777,0.5777777777777777,0.6,0.7333333333333333,0.6744186046511628,1.0,0.5333333333333333,0.5777777777777777,0.6444444444444445,0.8666666666666667,0.6,0.7111111111111111
rate_slope_first4,0.6888888888888889,0.6,0.7111111111111111,0.6222222222222222,0.4883720930232558,0.5333333333333333,1.0,0.7333333333333333,0.4888888888888889,0.4888888888888889,0.7111111111111111,0.5555555555555556
rate_slope_first6,0.8222222222222222,0.6888888888888889,0.6666666666666666,0.6222222222222222,0.5581395348837209,0.5777777777777777,0.7333333333333333,1.0,0.7111111111111111,0.4444444444444444,0.8444444444444444,0.6888888888888889
rate_slope_first8,0.6666666666666666,0.6666666666666666,0.6,0.6444444444444445,0.7209302325581395,0.6444444444444445,0.4888888888888889,0.7111111111111111,1.0,0.6444444444444445,0.6444444444444445,0.8
rate_slope_all,0.5333333333333333,0.5333333333333333,0.6,0.6888888888888889,0.7674418604651163,0.8666666666666667,0.4888888888888889,0.4444444444444444,0.6444444444444445,1.0,0.5555555555555556,0.6222222222222222
fade_at_200efc,0.8888888888888888,0.6666666666666666,0.7777777777777778,0.7333333333333333,0.6511627906976745,0.6,0.7111111111111111,0.8444444444444444,0.6444444444444445,0.5555555555555556,1.0,0.7111111111111111
fade_at_400efc,0.7333333333333333,0.8666666666666667,0.7555555555555555,0.7555555555555555,0.7906976744186046,0.7111111111111111,0.5555555555555556,0.6888888888888889,0.8,0.6222222222222222,0.7111111111111111,1.0
